,Jogging,Running,Walking down-stairs,Walking up-stairs,Walking
0,"[0.42060085836909872, 0.51810916510797489]","[0.60493827160493829, 0.48085998951232301]","[0.4375, 0.39915174363807726]","[0.27586206896551724, 0.50624999999999998]","[0.68766404199475062, 0.47182954312640851]"
1,"[0.57264957264957261, 0.35919686915092736]","[0.42253521126760563, 0.52251791197543496]","[0.40816326530612246, 0.58730158730158732]","[0.54081632653061229, 0.4416475972540046]","[0.67972350230414746, 0.46259272341928648]"
2,"[0.4279835390946502, 0.39502572898799315]","[0.45783132530120479, 0.53586497890295359]","[0.4935064935064935, 0.44730451675570665]","[0.51162790697674421, 0.506233303650935]","[0.76558603491271815, 0.47804777026094158]"
3,"[0.62337662337662336, 0.33316361167684999]","[0.37681159420289856, 0.52695829094608337]","[0.55294117647058827, 0.42842991579990092]","[0.449438202247191, 0.50896860986547088]","[0.76097560975609757, 0.50194633671625188]"
4,"[0.47963800904977377, 0.35442611915180072]","[0.47761194029850745, 0.38947900859888718]","[0.45454545454545453, 0.47941315664931378]","[0.375, 0.46718480138169255]","[0.59556786703601106, 0.47403956518803592]"
5,"[0.43775100401606426, 0.37618473203515423]","[0.5, 0.45163043478260867]","[0.36633663366336633, 0.38370293965961838]","[0.47619047619047616, 0.46911286576869482]","[0.63274336283185839, 0.38497753049432915]"
mean,"[0.4936666010926305, 0.38935103768511675]","[0.47328805711252575, 0.48455176911971515]","[0.45216550391533744, 0.45421730996736742]","[0.43815583015175691, 0.48323286298679968]","[0.68704340313926382, 0.46223891153420887]"
