,Jogging,Running,Walking down-stairs,Walking up-stairs,Walking
0,"[0.26180257510729615, 0.4647168848835232]","[0.43209876543209874, 0.5270057682223388]","[0.484375, 0.53157398680490109]","[0.44827586206896552, 0.42678571428571427]","[0.48818897637795278, 0.47435634774294883]"
1,"[0.5213675213675214, 0.47013782542113325]","[0.43661971830985913, 0.52047082906857722]","[0.43877551020408162, 0.46338965693804401]","[0.45918367346938777, 0.42151029748283753]","[0.39861751152073732, 0.53768986223949133]"
2,"[0.32098765432098764, 0.60754716981132073]","[0.40963855421686746, 0.55485232067510548]","[0.50649350649350644, 0.46770276833414282]","[0.33720930232558138, 0.56144256455921637]","[0.37406483790523692, 0.62115145657876569]"
3,"[0.41991341991341991, 0.65037338764426345]","[0.59420289855072461, 0.55239064089521872]","[0.42352941176470588, 0.40861812778603268]","[0.39325842696629215, 0.37668161434977576]","[0.59512195121951217, 0.41846239399416096]"
4,"[0.43438914027149322, 0.61393470212049817]","[0.43283582089552236, 0.55639858371269602]","[0.45454545454545453, 0.47562707051585423]","[0.5, 0.50215889464594132]","[0.44598337950138506, 0.42583215177908312]"
5,"[0.49799196787148592, 0.42374633810098228]","[0.44680851063829785, 0.57010869565217392]","[0.39603960396039606, 0.44971634863331617]","[0.44761904761904764, 0.55364607524384579]","[0.51991150442477874, 0.53798416434838436]"
mean,"[0.40940871314203403, 0.53840938466362021]","[0.45870071134056167, 0.54687113970435164]","[0.45062641449469071, 0.4661046598353818]","[0.43092438540821237, 0.4737041934278885]","[0.47031469349160049, 0.50257939611380575]"
