,Jogging,Running,Walking down-stairs,Walking up-stairs,Walking
0,"[0.31759656652360513, 0.56555007651759903]","[0.40740740740740738, 0.61510225485055059]","[0.4375, 0.51083883129123464]","[0.50574712643678166, 0.5647321428571429]","[0.50393700787401574, 0.55569213958888208]"
1,"[0.5213675213675214, 0.50604049685213548]","[0.45070422535211269, 0.65967246673490276]","[0.35714285714285715, 0.50076804915514594]","[0.46938775510204084, 0.56384439359267735]","[0.59677419354838712, 0.4937477922995408]"
2,"[0.46913580246913578, 0.56346483704974271]","[0.48192771084337349, 0.61181434599156115]","[0.4935064935064935, 0.57357940747935887]","[0.53488372093023251, 0.55921638468388246]","[0.59850374064837908, 0.49882645312715723]"
3,"[0.5670995670995671, 0.51154107264086901]","[0.36231884057971014, 0.51525940996948116]","[0.36470588235294116, 0.61664190193164936]","[0.3707865168539326, 0.65784753363228698]","[0.75365853658536586, 0.41463923258723762]"
4,"[0.56108597285067874, 0.4922584988219455]","[0.4925373134328358, 0.58472432979261513]","[0.5757575757575758, 0.54945575011831516]","[0.55555555555555558, 0.57685664939550951]","[0.58448753462603875, 0.51563027479575996]"
5,"[0.52610441767068272, 0.5314492503877305]","[0.38297872340425532, 0.63152173913043474]","[0.49504950495049505, 0.61320268179473958]","[0.50476190476190474, 0.61774268462610316]","[0.51991150442477874, 0.52022255510378768]"
mean,"[0.49373164133019842, 0.52838403871167039]","[0.42964570350328252, 0.60301575774492433]","[0.45394371895172708, 0.56074777029507394]","[0.49018709660674137, 0.59003996479793375]","[0.59287875295116088, 0.49979307458372763]"
