,Jogging,Running,Walking down-stairs,Walking up-stairs,Walking
0,"[0.5622317596566524, 0.49651419826560111]","[0.5679012345679012, 0.56738332459360252]","[0.640625, 0.61545711592836949]","[0.41379310344827586, 0.60223214285714288]","[0.49343832020997375, 0.5522775387557195]"
1,"[0.55982905982905984, 0.52799047132890931]","[0.45070422535211269, 0.63664278403275332]","[0.45918367346938777, 0.57245263696876603]","[0.40816326530612246, 0.57894736842105265]","[0.49078341013824883, 0.53133168491699045]"
2,"[0.44855967078189302, 0.56277873070325901]","[0.45783132530120479, 0.60759493670886078]","[0.54545454545454541, 0.59494900437105391]","[0.36046511627906974, 0.59260908281389135]","[0.67331670822942646, 0.44794974458097475]"
3,"[0.41558441558441561, 0.57433808553971488]","[0.44927536231884058, 0.59664292980671418]","[0.38823529411764707, 0.57355126300148584]","[0.3595505617977528, 0.62914798206278022]","[0.63658536585365855, 0.39010148755734741]"
4,"[0.57013574660633481, 0.52170986199932678]","[0.37313432835820898, 0.57511380880121399]","[0.45454545454545453, 0.57075248461902506]","[0.44444444444444442, 0.62867012089810015]","[0.46260387811634351, 0.54959151981635268]"
5,"[0.42570281124497994, 0.53524039290022407]","[0.45744680851063829, 0.61358695652173911]","[0.38613861386138615, 0.63847343991748329]","[0.41904761904761906, 0.61449140733859731]","[0.46238938053097345, 0.5813538768813753]"
mean,"[0.4970072439505559, 0.53642862345617248]","[0.45938221406815111, 0.59949412341081398]","[0.47903043024140346, 0.5942726574676972]","[0.40091068505388067, 0.60768301739859398]","[0.53651951051310409, 0.50876764208479341]"
