,Jogging,Running,Walking down-stairs,Walking up-stairs,Walking
0,"[0.37339055793991416, 0.47015813637136539]","[0.48148148148148145, 0.57839538542212898]","[0.390625, 0.44203581526861452]","[0.37931034482758619, 0.44285714285714284]","[0.36745406824146981, 0.45434678686061597]"
1,"[0.37179487179487181, 0.49532074187510633]","[0.49295774647887325, 0.52712384851586491]","[0.43877551020408162, 0.35176651305683565]","[0.43877551020408162, 0.49061784897025174]","[0.41244239631336405, 0.40770045920169551]"
2,"[0.36625514403292181, 0.6132075471698113]","[0.38554216867469882, 0.46149789029535865]","[0.37662337662337664, 0.52986886838271008]","[0.5, 0.44968833481745324]","[0.39650872817955113, 0.62550048322518292]"
3,"[0.37662337662337664, 0.51561439239646978]","[0.49275362318840582, 0.58240081383519837]","[0.47058823529411764, 0.40168400198117882]","[0.5056179775280899, 0.50762331838565022]","[0.31463414634146342, 0.43034895036841375]"
4,"[0.4660633484162896, 0.63345674856950518]","[0.56716417910447758, 0.54274152756702077]","[0.5, 0.47941315664931378]","[0.4861111111111111, 0.49956822107081172]","[0.39335180055401664, 0.62919451758827893]"
5,"[0.42570281124497994, 0.47768395657418578]","[0.35106382978723405, 0.54021739130434787]","[0.34653465346534651, 0.6008251676121712]","[0.41904761904761906, 0.51602415234556431]","[0.38938053097345132, 0.46864968970682647]"
mean,"[0.39663835167539235, 0.53424025382607399]","[0.46182717145252844, 0.53872947615665323]","[0.42052446259782039, 0.46759892049180402]","[0.45481042711974795, 0.48439650307447901]","[0.37896194510055276, 0.50262348115850231]"
