,Jogging,Running,Walking down-stairs,Walking up-stairs,Walking
0,"[0.62660944206008584, 0.33480700561129062]","[0.53086419753086422, 0.47928683796539068]","[0.515625, 0.38831291234684262]","[0.43678160919540232, 0.51964285714285718]","[0.67979002624671914, 0.44089325957795533]"
1,"[0.47008547008547008, 0.35664454653734901]","[0.56338028169014087, 0.47236438075742065]","[0.43877551020408162, 0.40757808499743986]","[0.45918367346938777, 0.44393592677345539]","[0.6428571428571429, 0.46930413281525962]"
2,"[0.55967078189300412, 0.40137221269296741]","[0.45783132530120479, 0.53955696202531644]","[0.44155844155844154, 0.46478873239436619]","[0.19767441860465115, 0.47551202137132681]","[0.66583541147132175, 0.49254452574899904]"
3,"[0.5714285714285714, 0.33078750848608285]","[0.37681159420289856, 0.52848423194303151]","[0.54117647058823526, 0.59633481921743436]","[0.48314606741573035, 0.51793721973094176]","[0.82682926829268288, 0.49381342972334213]"
4,"[0.57466063348416285, 0.34197239986536521]","[0.46268656716417911, 0.51340414769853315]","[0.43939393939393939, 0.45101751064836726]","[0.55555555555555558, 0.5164075993091537]","[0.51246537396121883, 0.41881034366349335]"
5,"[0.49397590361445781, 0.39582974323625708]","[0.43617021276595747, 0.48315217391304349]","[0.48514851485148514, 0.37441980402269209]","[0.55238095238095242, 0.48954946586158848]","[0.50884955752212391, 0.49154718596190883]"
mean,"[0.54940513376095856, 0.36023556940488538]","[0.4712906964425409, 0.50270812238378937]","[0.4769463127660305, 0.44707531060452377]","[0.44745371277027984, 0.49383084836488722]","[0.63943779672520151, 0.4678188129151597]"
